{
    "loss": 0.7390382885932922,
    "accuracy": 0.8103448152542114
}